,NO,RUAS,PANJANG,IRI_RATA,SDI_RATA,LEBAR_RATA,IRI_BAIK,IRI_SEDANG,IRI_RUSAK_RINGAN,IRI_RUSAK_BERAT,IRI_TOTAL,SDI_BAIK,SDI_SEDANG,SDI_RUSAK_RINGAN,SDI_RUSAK_BERAT,SDI_TOTAL,LESS_ENAM,ENAM_TUJUH,TUJUH_EMPAT_BELAS,GREATER_EMPAT_BELAS,PANJANG_TOTAL,BIAYA_IRI,BIAYA_SDI
0,001.,BTS. PROV. JAMBI - PENINGGALAN,90.15,9.245146977260124,68.06267332224067,7.121464201958393,9.799999999999981,40.150000000000304,18.599999999999994,21.600000000000037,90.1500000000003,25.7500000000001,28.10000000000013,36.00000000000024,0.30000000000000004,90.15000000000047,0.0,50.250000000000455,39.9000000000003,0.0,90.15000000000074,265307100000.0003,152740500000.00098
1,002.,PENINGGALAN - SEI LILIN,33.940999999999995,9.465513685513098,69.50953124539642,6.8860316928283485,4.699999999999998,13.199999999999967,7.34099999999999,8.699999999999985,33.940999999999946,12.84099999999997,5.099999999999998,15.899999999999961,0.1,33.940999999999924,0.0,31.64100000000019,2.3000000000000007,0.0,33.94100000000019,106131735999.99983,66887449999.99984
2,003.,SEI LILIN - BETUNG,43.8,7.954337899543378,55.52511415525114,7.000000000000001,6.499999999999992,22.500000000000053,7.799999999999986,6.999999999999992,43.80000000000002,17.899999999999984,12.599999999999973,12.999999999999973,0.30000000000000004,43.79999999999993,0.0,43.80000000000035,0.0,0.0,43.80000000000035,93878799999.99988,57364999999.99988
3,004.,BETUNG - BTS. KOTA PALEMBANG,56.16,6.670584045584046,33.367165242165235,7.062286328046754,3.5000000000000018,42.760000000000346,9.299999999999985,0.6,56.16000000000032,34.56000000000022,14.999999999999964,6.499999999999992,0.1,56.16000000000018,0.6,33.80000000000021,21.760000000000037,0.0,56.160000000000245,45589799999.99995,29965999999.999973
4,004.1AK,JLN. R. SUKAMTO (PALEMBANG),1.4450000000000005,4.8615916955017315,28.719723183391,14.999999999999998,0.6,0.845,0.0,0.0,1.4449999999999998,0.945,0.5,0.0,0.0,1.4449999999999998,0.0,0.0,0.0,1.445,1.445,72250000.0,72250000.0
5,004.1BK,JLN. BASUKI RAHMAT (PALEMBANG),2.0500000000000003,4.7560975609756095,31.46341463414634,15.536585365853655,0.75,1.2,0.1,0.0,2.05,1.35,0.6,0.1,0.0,2.0500000000000003,0.0,0.0,0.0,2.0500000000000003,2.0500000000000003,507100000.0,507100000.0
6,004.1CK,JLN. DEMANG LEBAR DAUN (PALEMBANG,4.0,6.1,49.95,18.225,0.5,2.600000000000001,0.8999999999999999,0.0,4.000000000000001,1.9000000000000008,1.4,0.7,0.0,4.000000000000001,0.0,0.0,0.0,4.000000000000002,4.000000000000002,3841400000.0,3032200000.0
7,004.1DK,JLN. PRAMESWARA (PALEMBANG),0.73,5.0410958904109595,36.50684931506849,9.0,0.2,0.53,0.0,0.0,0.73,0.4300000000000001,0.30000000000000004,0.0,0.0,0.7300000000000001,0.0,0.0,0.73,0.0,0.73,36500000.0,36500000.00000001
8,004.11K,JLN. KOLONEL H. BURLIAN (PALEMBAN,5.199999999999998,6.403846153846155,66.51923076923079,21.71153846153848,1.1,3.200000000000001,0.6,0.30000000000000004,5.200000000000001,1.9000000000000008,2.400000000000001,0.5,0.4,5.200000000000002,0.0,0.0,1.1,4.100000000000001,5.200000000000001,5264600000.0,5719000000.0
9,004.12K,JLN. SUTAN MAHMUD BADARUDIN (PALE,2.900000000000001,4.551724137931034,51.72413793103447,6.9517242004131425,1.2,1.7000000000000004,0.0,0.0,2.9000000000000004,0.8999999999999999,2.0000000000000004,0.0,0.0,2.9000000000000004,0.0,2.600000000000001,0.30000000000000004,0.0,2.9000000000000012,145000000.0,145000000.0
10,004.13K,JLN. JENDERAL SUDIRMAN (PALEMBANG,5.026999999999999,4.99025263576686,24.932365227770052,24.07957032027055,2.0000000000000004,2.700000000000001,0.30000000000000004,0.027000000000000003,5.027000000000001,3.5000000000000018,1.3,0.227,0.0,5.027000000000002,0.0,0.0,0.0,5.026999999999998,5.026999999999998,1697080000.0000002,1169792000.0
11,004.14K,JLN. VETERAN (PALEMBANG),1.8300000000000003,4.672131147540983,19.945355191256827,15.234972677595625,0.7999999999999999,1.03,0.0,0.0,1.83,1.4300000000000004,0.4,0.0,0.0,1.8300000000000003,0.0,0.0,0.7,1.13,1.83,91500000.0,91500000.0
12,004.15K,JLN. PERINTIS KEMERDEKAAN (PALEMB,1.1880000000000002,4.390572390572391,29.88215488215488,14.117845246286096,0.5,0.688,0.0,0.0,1.188,0.7879999999999999,0.4,0.0,0.0,1.188,0.0,0.0,0.588,0.6,1.188,59400000.0,59399999.99999999
13,004.16K,JLN. KOLONEL NUR AMIN  (PALEMBANG,0.41,4.341463414634147,0.3658536585365853,9.999999999999998,0.2,0.21,0.0,0.0,0.41,0.41,0.0,0.0,0.0,0.41,0.0,0.0,0.41,0.0,0.41,20500000.0,20500000.0
14,004.17K,JLN. LAKSAMANA YOS SUDARSO (PALEM,0.621,3.805152979066023,50.72463768115942,11.19597419794055,0.3210000000000001,0.30000000000000004,0.0,0.0,0.6210000000000001,0.221,0.4,0.0,0.0,0.621,0.0,0.0,0.521,0.1,0.621,31050000.00000001,31050000.0
15,004.18K,JLN. R.E. MARTADINATA (PALEMBANG),1.9500000000000004,5.205128205128204,41.82051282051282,13.999999999999995,0.8499999999999999,0.7,0.4,0.0,1.95,1.15,0.4,0.4,0.0,1.95,0.0,0.0,1.9500000000000008,0.0,1.9500000000000008,1715900000.0,1715900000.0
16,004.19K,JLN. H. ABDUL ROZAK / PATAL PUSRI,4.199999999999998,6.047619047619048,61.42857142857143,15.000000000000002,0.7999999999999999,2.500000000000001,0.8999999999999999,0.0,4.200000000000001,1.2,2.1000000000000005,0.8999999999999999,0.0,4.200000000000001,0.0,0.0,3.8000000000000016,0.4,4.200000000000002,3851400000.0,3851400000.0
17,005.,BTS. KOTA PALEMBANG - SP. INDRALA,16.45,5.0547112462006085,23.06990881458968,9.148936170212766,6.099999999999994,8.849999999999984,1.4,0.1,16.44999999999998,12.099999999999973,2.950000000000001,1.4,0.0,16.449999999999974,0.0,11.399999999999974,5.049999999999998,0.0,16.449999999999974,7345900000.0,6486900000.0
18,005.11K,JLN. RIACUDU (PALEMBANG),1.55,6.129032258064518,41.774193548387096,14.399999618530275,0.30000000000000004,1.0499999999999998,0.2,0.0,1.5499999999999998,0.8999999999999999,0.30000000000000004,0.35000000000000003,0.0,1.55,0.0,0.0,0.0,1.5500000000000005,1.5500000000000005,886700000.0,1493600000.0000002
19,005.12K,JLN. RASID SIDIK (PALEMBANG),0.64,7.062500000000001,101.875,14.000000000000002,0.0,0.4,0.24,0.0,0.64,0.0,0.2,0.4400000000000001,0.0,0.6400000000000001,0.0,0.0,0.64,0.0,0.64,1003040000.0,1812240000.0
20,005.13K,JLN. KI WAHID HASYIM (PALEMBANG),2.2000000000000006,7.045454545454544,81.59090909090907,13.999999999999993,0.0,1.6000000000000003,0.5,0.1,2.2000000000000006,0.1,1.7000000000000004,0.4,0.0,2.2000000000000006,0.0,0.0,2.2000000000000006,0.0,2.2000000000000006,2992000000.0,1728400000.0
21,005.14K,JLN. KI MEROGAN (PALEMBANG),3.6000000000000005,6.083333333333334,55.972222222222214,13.999999999999998,0.8999999999999999,2.0000000000000004,0.5,0.2,3.6000000000000005,1.2,2.1000000000000005,0.30000000000000004,0.0,3.6000000000000005,0.0,0.0,3.600000000000002,0.0,3.600000000000002,3921000000.0,1393800000.0000002
22,005.15K,JLN. SRI JAYA RAYA (PALEMBANG),6.299999999999998,5.634920634920636,35.41269841269842,14.563492093767447,1.3,4.000000000000002,1.0,0.0,6.3000000000000025,3.9000000000000017,1.3,1.1,0.0,6.3000000000000025,0.0,0.0,0.4,5.899999999999995,6.299999999999995,4361000000.0,4765599999.999999
23,005.16K,JLN. H. A. BASTARI,8.399999999999999,4.345238095238096,24.76190476190477,14.386904761904766,3.9000000000000017,4.5,0.0,0.0,8.400000000000002,7.499999999999987,0.8999999999999999,0.0,0.0,8.39999999999999,0.0,3.1000000000000014,1.3,4.000000000000002,8.400000000000002,420000000.0000001,419999999.99999946
24,006.11K,JLN. AKSES BANDARA (PALEMBANG),2.4000000000000004,8.291666666666666,122.29166666666664,21.0,0.30000000000000004,0.7999999999999999,1.0,0.30000000000000004,2.4000000000000004,0.5,0.6,0.5,0.7999999999999999,2.4,0.0,0.0,0.0,2.400000000000001,2.400000000000001,6743000000.0,9015000000.0
25,006.12K,JLN. LETJEN. HARUN SOHAR  (PALEMB,3.2510000000000003,5.030759766225776,54.13718855736696,21.0,1.5000000000000002,1.251,0.5,0.0,3.2510000000000003,1.251,1.3,0.7,0.0,3.2510000000000003,0.0,0.0,0.0,3.2510000000000017,3.2510000000000017,2185550000.0,2994750000.0
26,006.13K,JLN. SOEKARNO-HATTA (PALEMBANG),8.319999999999999,5.937500000000001,73.73798076923079,14.842307718900535,2.700000000000001,4.020000000000001,1.4,0.2,8.320000000000002,1.3,5.119999999999998,1.9000000000000008,0.0,8.319999999999999,0.0,0.0,1.5000000000000002,6.819999999999991,8.319999999999991,7798400000.000002,8103400000.000002
27,006.14K,JLN. LETJEN. H. ALAMSYAH RATU PER,3.1500000000000004,5.3809523809523805,29.873015873015863,13.888888919164266,1.3,1.5500000000000005,0.2,0.1,3.150000000000001,2.0500000000000007,1.0,0.1,0.0,3.150000000000001,0.0,0.0,2.150000000000001,1.0,3.150000000000001,1825700000.0,562100000.0
28,006.15K,JLN. MAYJEN. YUSUF SINGADEKANE (P,5.199999999999998,6.365384615384617,57.69230769230771,12.851923108100893,1.1,2.800000000000001,1.0,0.30000000000000004,5.200000000000001,1.8000000000000005,2.2000000000000006,1.2,0.0,5.200000000000001,0.0,1.0,1.7000000000000004,2.500000000000001,5.200000000000001,6883000000.0,5115200000.0
29,006.16K,JLN. LINGKAR SELATAN  (PALEMBANG),11.832,5.349222447599732,29.03144016227181,7.0042258161721485,3.1000000000000014,7.831999999999986,0.8999999999999999,0.0,11.83199999999999,8.131999999999987,2.800000000000001,0.8999999999999999,0.0,11.831999999999988,0.0,10.631999999999977,1.2,0.0,11.831999999999974,4232999999.999999,4232999999.999999
30,007.,SIMPANG INDRALAYA - MERANJAT,12.6,4.888888888888889,13.650793650793652,7.512698506552076,5.1999999999999975,6.999999999999992,0.4,0.0,12.599999999999987,10.999999999999977,1.3,0.30000000000000004,0.0,12.599999999999973,0.0,9.89999999999998,2.1000000000000005,0.6,12.599999999999984,2248399999.9999995,1843799999.9999988
31,008.,MERANJAT - BTS. KOTA KAYU AGUNG,20.5,4.170731707317073,13.780487804878053,7.0,10.599999999999977,9.699999999999982,0.2,0.0,20.49999999999996,17.59999999999998,2.0000000000000004,0.8999999999999999,0.0,20.499999999999982,0.0,20.500000000000018,0.0,0.0,20.500000000000018,1834199999.999998,4666399999.999998
32,009.,BTS. KOTA KAYU AGUNG - SP. PENYAN,10.999999999999998,5.700000000000001,54.0090909090909,7.000000000000003,2.0000000000000004,8.999999999999984,0.0,0.0,10.999999999999984,5.399999999999998,1.9000000000000008,3.700000000000002,0.0,11.0,0.0,10.999999999999977,0.0,0.0,10.999999999999977,549999999.9999993,15520200000.00001
33,010.,SP. PENYANDINGAN - BTS. PROV.  LA,93.9,5.725239616613418,53.40149094781682,7.043556953771424,39.9000000000003,29.300000000000143,21.50000000000004,3.200000000000001,93.90000000000047,43.00000000000034,21.20000000000003,29.70000000000015,0.0,93.90000000000052,0.0,69.70000000000033,24.200000000000077,0.0,93.9000000000004,119172000000.00015,124861200000.00066
34,011.,BTS. PROV. JAMBI - MAUR,39.8,3.804020100502512,19.59045226130653,7.000000000000001,27.300000000000118,11.799999999999974,0.7,0.0,39.8000000000001,30.30000000000016,9.199999999999985,0.30000000000000004,0.0,39.80000000000014,0.0,39.800000000000296,0.0,0.0,39.800000000000296,4822200000.000005,3203800000.0000076
35,012.,MAUR - TERAWAS,36.2,3.823204419889503,40.867403314917134,7.000000000000003,23.400000000000066,12.299999999999974,0.4,0.1,36.20000000000003,17.299999999999972,15.299999999999962,3.600000000000002,0.0,36.19999999999994,0.0,36.200000000000244,0.0,0.0,36.200000000000244,4287400000.0000014,16375600000.000004
36,013.,TERAWAS - BTS. KOTA LUBUK LINGGAU,24.000000000000004,3.395833333333333,26.80416666666666,6.999999999999997,19.300000000000004,4.4,0.30000000000000004,0.0,24.000000000000004,16.499999999999964,6.499999999999992,0.8999999999999999,0.1,23.99999999999996,0.0,24.00000000000007,0.0,0.0,24.00000000000007,2413800000.0000005,5700399999.999997
37,013.11K,JLN. JEND. A. YANI / JLN. LINTAS,3.6000000000000005,3.361111111111111,33.027777777777764,6.999999999999999,2.9000000000000012,0.7,0.0,0.0,3.6000000000000014,2.3000000000000007,0.8999999999999999,0.4,0.0,3.6000000000000005,0.0,3.600000000000002,0.0,0.0,3.600000000000002,180000000.00000006,1798400000.0
38,014.11K,JLN. YOS SUDARSO (L. LINGGAU)  (S,1.05,6.333333333333332,89.90476190476191,14.0,0.0,1.0499999999999998,0.0,0.0,1.0499999999999998,0.0,0.55,0.5,0.0,1.05,0.0,0.0,1.0499999999999998,0.0,1.0499999999999998,52499999.99999999,2075500000.0
39,015.,SIMPANG PERIUK - MUARA BELITI,13.499999999999995,3.9851851851851854,42.48888888888891,7.0000000000000036,8.699999999999985,4.4,0.4,0.0,13.499999999999984,5.6999999999999975,6.5999999999999925,1.2,0.0,13.499999999999988,0.0,13.499999999999964,0.0,0.0,13.499999999999964,2293399999.999999,5530199999.999999
40,015.11K,JLN. YOS SUDARSO / JLN. KE MUARA,9.199999999999998,4.956521739130438,14.989130434782615,14.000000000000007,2.400000000000001,6.5999999999999925,0.2,0.0,9.199999999999992,7.799999999999986,1.3,0.1,0.0,9.199999999999989,0.0,0.0,9.199999999999985,0.0,9.199999999999985,1269199999.9999998,864599999.9999994
41,016.,MUARA BELITI - BTS. KAB. MUSI RAW,27.2,4.9558823529411775,51.18750000000002,7.000000000000003,7.799999999999986,19.200000000000006,0.2,0.0,27.199999999999992,9.89999999999998,12.199999999999974,5.099999999999998,0.0,27.199999999999946,0.0,27.20000000000012,0.0,0.0,27.20000000000012,2169199999.9999995,21994599999.999992
42,017.,BTS. KAB. MUSI RAWAS - TEBINGTING,25.3,5.869565217391305,67.50592885375494,7.000000000000003,5.099999999999998,16.699999999999967,3.0000000000000013,0.5,25.299999999999965,4.300000000000002,14.099999999999964,6.799999999999992,0.1,25.29999999999996,0.0,25.30000000000009,0.0,0.0,25.30000000000009,17698000000.000004,29636799999.99997
43,018.,TEBING TINGGI - JEMBATAN KIKIM BE,50.40000000000001,5.424603174603175,56.617063492063494,6.999999999999997,14.499999999999964,31.30000000000017,4.000000000000002,0.6,50.40000000000014,17.69999999999998,18.399999999999988,13.199999999999967,1.1,50.399999999999935,0.0,50.40000000000046,0.0,0.0,50.40000000000046,23858000000.000008,65376199999.99988
44,019.,JEMBATAN KIKIM BESAR/KM. 256 - BT,22.15,6.643340857787808,74.98871331828441,7.000000000000001,3.8000000000000016,13.649999999999967,3.9000000000000017,0.7999999999999999,22.149999999999967,3.200000000000001,8.849999999999984,8.899999999999984,1.2,22.149999999999967,0.0,22.15000000000005,0.0,0.0,22.15000000000005,23758900000.000008,47424899999.99994
45,019.11K,JLN. JEND. AHMAD YANI (LAHAT),4.138,5.0241662638956015,73.73223779603673,7.0,1.2,2.938000000000001,0.0,0.0,4.138000000000002,0.30000000000000004,2.5380000000000007,1.3,0.0,4.138000000000001,0.0,4.138000000000002,0.0,0.0,4.138000000000002,206900000.0000001,5466700000.0
46,019.12K,JLN. LETNAN MARZUKI (LAHAT),1.16,3.948275862068965,4.137931034482758,7.0,0.76,0.4,0.0,0.0,1.16,1.16,0.0,0.0,0.0,1.16,0.0,1.16,0.0,0.0,1.16,58000000.0,57999999.99999999
47,020.,BTS. KOTA LAHAT - MUARA ENIM,38.0,5.173684210526316,52.915789473684214,7.0,13.399999999999967,23.200000000000053,1.2,0.2,38.000000000000036,14.299999999999963,16.29999999999996,7.29999999999999,0.1,37.99999999999992,0.0,38.00000000000027,0.0,0.0,38.00000000000027,8473200000.000002,32294799999.99996
48,020.11K,JLN. KOL. BURLIAN (LAHAT),2.2000000000000006,3.772727272727273,6.136363636363635,6.9999999999999964,1.3,0.8999999999999999,0.0,0.0,2.2,2.2000000000000006,0.0,0.0,0.0,2.2000000000000006,0.0,2.2000000000000006,0.0,0.0,2.2000000000000006,110000000.0,110000000.00000004
49,020.12K,JLN. MUHAMMAD NUH (LAHAT),0.29700000000000004,4.999999999999999,8.367003367003365,7.0,0.0,0.29700000000000004,0.0,0.0,0.29700000000000004,0.29700000000000004,0.0,0.0,0.0,0.29700000000000004,0.0,0.29700000000000004,0.0,0.0,0.29700000000000004,14850000.000000002,14850000.000000002
50,020.15K,JLN. PROF. EMIL SALIM (LAHAT),1.04,5.53846153846154,3.0769230769230766,11.105769304128797,0.1,0.94,0.0,0.0,1.04,1.0399999999999998,0.0,0.0,0.0,1.0399999999999998,0.0,0.0,0.94,0.1,1.04,52000000.0,51999999.99999999
51,020.16K,JLN. HARUN SOHAR (LAHAT),0.6,4.333333333333334,4.166666666666667,9.8166667620341,0.30000000000000004,0.30000000000000004,0.0,0.0,0.6000000000000001,0.6,0.0,0.0,0.0,0.6,0.0,0.0,0.5,0.1,0.6,30000000.000000004,30000000.0
52,021.,BTS. KOTA MUARA ENIM - SIMPANG SU,53.0,4.3415094339622655,29.86037735849057,6.0,29.80000000000016,20.900000000000027,2.3000000000000007,0.0,53.000000000000185,38.00000000000027,9.099999999999984,4.999999999999998,0.8999999999999999,53.00000000000025,53.000000000000476,0.0,0.0,0.0,53.000000000000476,11955800000.000013,30611000000.000008
53,021.11K,JLN. AHMAD YANI (MUARA ENIM),0.9,3.7777777777777786,21.66666666666667,14.000000000000002,0.6,0.30000000000000004,0.0,0.0,0.9,0.7,0.2,0.0,0.0,0.8999999999999999,0.0,0.0,0.8999999999999999,0.0,0.8999999999999999,45000000.0,45000000.0
54,022.,SIMPANG SUGIH WARAS - BTS. KOTA B,53.7,5.9702048417132225,44.854748603351965,6.0,10.299999999999981,35.60000000000024,6.199999999999994,1.6000000000000003,53.700000000000216,29.400000000000148,12.099999999999973,11.199999999999976,1.0,53.7000000000001,53.70000000000049,0.0,0.0,0.0,53.70000000000049,41514199999.99999,56590199999.99992
55,023.11K,BY PASS II / JL. GARUDA  (BATURAJ,4.199999999999998,5.047619047619049,88.07142857142858,7.000000000000003,1.4,2.600000000000001,0.1,0.1,4.2,0.2,1.8000000000000005,2.0000000000000004,0.2,4.200000000000001,0.0,4.200000000000001,0.0,0.0,4.200000000000001,1473600000.0,10020000000.000002
56,024.11K,BY PASS I / JL. GARUDA  (BATURAJA,5.499999999999997,4.763636363636366,71.20000000000005,14.000000000000016,1.9000000000000008,3.600000000000002,0.0,0.0,5.500000000000003,1.0,2.700000000000001,1.8000000000000005,0.0,5.500000000000003,0.0,0.0,5.4999999999999964,0.0,5.4999999999999964,275000000.0000001,7557800000.000002
57,025.,BTS. KOTA BATURAJA - MARTAPURA,32.49999999999999,5.5015384615384635,72.88000000000002,7.0000000000000036,8.199999999999987,20.800000000000026,3.3000000000000016,0.2,32.50000000000002,7.899999999999987,11.799999999999974,12.599999999999973,0.2,32.499999999999936,0.0,32.50000000000019,0.0,0.0,32.50000000000019,16694800000.000006,54322599999.999886
58,026.,MARTAPURA - BATAS PROV. LAMPUNG,7.299999999999999,5.8356164383561655,67.19178082191782,7.000000000000003,1.6000000000000003,4.699999999999998,1.0,0.0,7.3,1.7000000000000004,3.1000000000000014,2.500000000000001,0.0,7.3000000000000025,0.0,7.29999999999999,0.0,0.0,7.29999999999999,4411000000.0,10480000000.000004
59,027.,SIMPANG INDRALAYA - BTS. KAB. PRA,14.599999999999998,5.36986301369863,44.0958904109589,7.000000000000003,6.299999999999994,5.4999999999999964,2.700000000000001,0.1,14.59999999999999,7.3999999999999915,4.699999999999998,2.400000000000001,0.1,14.599999999999987,0.0,14.599999999999964,0.0,0.0,14.599999999999964,12513200000.000004,11299400000.000004
60,028.,BTS. KAB. PRABUMULIH - BTS. KOTA,33.39999999999999,4.955089820359283,53.27844311377247,7.0000000000000036,12.899999999999974,17.799999999999983,2.600000000000001,0.1,33.39999999999996,11.799999999999974,15.799999999999962,5.799999999999995,0.0,33.39999999999993,0.0,33.400000000000205,0.0,0.0,33.400000000000205,13048600000.000002,25136799999.999973
61,028.11K,JLN. SUDIRMAN (PRABUMULIH),7.0669999999999975,5.363237583132875,39.8832602235744,7.000000000000006,2.2000000000000006,4.267000000000001,0.5,0.1,7.067000000000002,3.9000000000000017,2.0670000000000006,1.1,0.0,7.067000000000002,0.0,7.066999999999991,0.0,0.0,7.066999999999991,3235350000.0,4803949999.999999
62,029.,BTS. KOTA PRABUMULIH - SP. BELIMB,23.550000000000004,4.9256900212314205,49.15074309978768,6.999999999999997,9.349999999999984,12.899999999999974,1.3,0.0,23.549999999999947,8.599999999999985,12.049999999999974,2.9000000000000012,0.0,23.54999999999996,0.0,23.55000000000007,0.0,0.0,23.55000000000007,6437299999.999998,12910900000.000004
63,029.11K,JLN. SUDIRMAN (PRABUMULIH),7.379999999999999,5.897018970189703,71.63956639566396,7.000000000000003,0.8999999999999999,5.5799999999999965,0.8999999999999999,0.0,7.379999999999997,1.2,3.7800000000000016,2.400000000000001,0.0,7.380000000000003,0.0,7.37999999999999,0.0,0.0,7.37999999999999,4010400000.0,10079400000.000004
64,030.,SP. BELIMBING - BTS. KOTA MUARA E,43.1,4.399071925754061,48.317865429234345,7.000000000000003,21.10000000000003,20.40000000000002,1.5000000000000002,0.1,43.10000000000005,18.19999999999999,18.5,6.399999999999992,0.0,43.09999999999997,0.0,43.10000000000034,0.0,0.0,43.10000000000034,9083000000.000004,28049399999.999973
65,030.11K,JLN. SUDIRMAN (MUARA ENIM),2.5000000000000004,6.1599999999999975,74.52,13.999999999999998,0.30000000000000004,2.0000000000000004,0.2,0.0,2.500000000000001,0.30000000000000004,1.5000000000000002,0.7,0.0,2.5,0.0,0.0,2.500000000000001,0.0,2.500000000000001,934200000.0,2957200000.0
66,030.12K,JLN. SULTAN MAHMUD BADARUDIN II (,2.6000000000000005,8.269230769230768,94.76923076923076,9.361538428526657,0.0,1.6000000000000003,1.0,0.0,2.6,0.2,0.7,1.6000000000000003,0.1,2.6,0.0,0.2,2.400000000000001,0.0,2.600000000000001,4176000000.0,7462600000.000002
67,031.11K,JLN. GARUDA (LB. LINGGAU)  (LB. L,6.599999999999999,5.333333333333335,32.4848484848485,7.000000000000003,1.0,5.599999999999996,0.0,0.0,6.599999999999996,3.4000000000000017,3.0000000000000013,0.2,0.0,6.600000000000002,0.0,6.5999999999999925,0.0,0.0,6.5999999999999925,329999999.9999998,1139200000.0
68,032.,BETUNG - BTS. KOTA SEKAYU,50.1,5.127744510978045,57.369261477045896,7.0,15.199999999999962,32.8000000000002,2.0000000000000004,0.1,50.10000000000015,15.899999999999961,19.900000000000013,13.399999999999967,0.8999999999999999,50.09999999999993,0.0,50.10000000000044,0.0,0.0,50.10000000000044,11456000000.00001,64452399999.99988
69,032.11K,JLN. ARAH KE BETUNG  (SEKAYU),1.5000000000000004,5.0,34.066666666666656,6.9999999999999964,0.6,0.7999999999999999,0.1,0.0,1.5,0.7,0.7999999999999999,0.0,0.0,1.5,0.0,1.5000000000000002,0.0,0.0,1.5000000000000002,479600000.0,75000000.0
70,033,BTS. KOTA SEKAYU - MANGUNJAYA,42.8,4.630841121495328,45.08411214953272,7.000000000000001,19.0,22.100000000000048,1.6000000000000003,0.1,42.80000000000005,21.600000000000037,11.599999999999973,9.099999999999984,0.5,42.8,0.0,42.800000000000345,0.0,0.0,42.800000000000345,9472600000.000004,43253599999.99993
71,033.11.K,JLN. OGAN (SEKAYU),5.799999999999999,6.086206896551725,70.60344827586208,7.000000000000003,0.5,4.5,0.7,0.1,5.8,1.4,2.3000000000000007,2.1000000000000005,0.0,5.8000000000000025,0.0,5.799999999999995,0.0,0.0,5.799999999999995,3981200000.0,8786600000.000002
72,034.,MANGUN JAYA - BTS. KAB. MURA,42.5,6.574117647058822,55.967058823529406,7.0,5.899999999999995,28.40000000000013,6.299999999999994,1.9000000000000008,42.50000000000012,19.1,5.9999999999999964,14.699999999999964,2.700000000000001,42.499999999999964,0.0,42.500000000000334,0.0,0.0,42.500000000000334,43935799999.999985,84794199999.99986
73,035.,BTS. KAB. MUBA - MUARA BELITI,78.25999999999998,5.192435471505242,70.5172501916688,7.000000000000003,28.40000000000013,43.76000000000035,5.9999999999999964,0.1,78.26000000000047,17.359999999999975,33.400000000000205,26.90000000000011,0.6,78.26000000000029,0.0,78.25999999999983,0.0,0.0,78.25999999999983,29048000000.0,117904400000.00047
74,036.,BTS. KOTA LAHAT - SIMPANG AIR DIN,29.8,6.7416107382550345,75.91946308724832,6.000000000000001,1.2,24.00000000000007,4.5,0.1,29.80000000000007,8.599999999999985,7.699999999999987,11.599999999999973,1.9000000000000008,29.799999999999947,29.80000000000016,0.0,0.0,0.0,29.80000000000016,20556000000.000004,64744599999.9999
75,036.11K,JLN. MAYOR RUSLAN I (LAHAT),1.55,4.741935483870967,6.774193548387097,7.000000000000001,0.30000000000000004,1.25,0.0,0.0,1.55,1.5500000000000005,0.0,0.0,0.0,1.5500000000000005,0.0,1.5500000000000005,0.0,0.0,1.5500000000000005,77500000.0,77500000.00000001
76,037.,SIMPANG AIR DINGIN - PAGAR ALAM,33.8,6.150887573964497,75.99112426035504,6.000000000000001,4.000000000000002,27.20000000000012,2.2000000000000006,0.4,33.80000000000012,6.799999999999992,12.69999999999997,13.799999999999967,0.5,33.799999999999926,33.80000000000021,0.0,0.0,0.0,33.80000000000021,14027200000.000008,61819799999.99986
77,038.,PAGAR ALAM - TANJUNG SAKTI - BTS.,50.03,5.6562062762342595,45.654407355586656,5.999999999999999,9.599999999999982,38.03000000000027,2.400000000000001,0.0,50.03000000000025,23.63000000000007,16.99999999999997,8.499999999999988,0.8999999999999999,50.03000000000002,50.03000000000044,0.0,0.0,0.0,50.03000000000044,12211900000.000015,44623499999.99994
78,039,BTS. KOTA PALEMBANG/BTS. KAB. BAN,62.8,8.237261146496815,83.50477707006371,7.000000000000003,12.69999999999997,31.400000000000176,8.299999999999986,10.39999999999998,62.800000000000104,26.200000000000106,17.799999999999983,6.499999999999992,12.299999999999974,62.80000000000005,0.0,62.80000000000062,0.0,0.0,62.80000000000062,126057799999.99976,135095999999.99973
79,039.11K,SP. BANDARA II - BTS. KOTA PALEMB,1.0,5.1000000000000005,22.5,10.919999980926516,0.1,0.8999999999999999,0.0,0.0,1.0,0.7,0.30000000000000004,0.0,0.0,1.0,0.0,0.1,0.7,0.2,1.0,49999999.99999999,50000000.0
80,040,AKSES TERMINAL ALANG-ALANG LEBAR,4.0,7.15,74.825,14.000000000000002,0.1,2.600000000000001,1.3,0.0,4.000000000000001,0.7,1.8000000000000005,1.5000000000000002,0.0,4.000000000000001,0.0,0.0,4.000000000000002,0.0,4.000000000000002,5459800000.0,6269000000.000001
81,041,JLN. LINGKAR KEMELAK (BATURAJA),2.6000000000000005,4.384615384615384,9.923076923076923,10.149999985328085,1.1,1.5000000000000002,0.0,0.0,2.6,2.500000000000001,0.1,0.0,0.0,2.600000000000001,0.0,0.0,2.600000000000001,0.0,2.600000000000001,130000000.0,130000000.00000004
82,042,CELIIKAH - KAYU AGUNG,4.6999999999999975,4.7446808510638325,23.978723404255327,7.0000000000000036,1.2,3.4000000000000017,0.1,0.0,4.700000000000001,3.5000000000000018,0.8999999999999999,0.30000000000000004,0.0,4.700000000000002,0.0,4.699999999999998,0.0,0.0,4.699999999999998,639600000.0000001,1448800000.0000002
83,043.11K,JLN. A. YANI,2.8000000000000007,4.571428571428571,35.535714285714285,21.0,1.2,1.6000000000000003,0.0,0.0,2.8000000000000003,2.0000000000000004,0.5,0.30000000000000004,0.0,2.8000000000000007,0.0,0.0,0.0,2.800000000000001,2.800000000000001,140000000.0,1353800000.0000002
84,044,JLN. LINGKAR TIMUR KOTA PRABUMULI,21.3,11.816901408450706,76.65727699530518,12.091079819370322,3.8000000000000016,4.200000000000001,5.799999999999995,7.499999999999987,21.299999999999983,3.4000000000000017,4.200000000000001,7.499999999999987,6.199999999999994,21.299999999999983,0.0,0.0,21.000000000000032,0.30000000000000004,21.30000000000004,88956799999.9999,84667999999.99991
85,045,PRAMBUMULIH - BERIINGIN,29.949999999999996,6.74290484140234,81.67612687813022,7.007011696969928,4.5,16.499999999999964,8.649999999999986,0.30000000000000004,29.94999999999995,3.4000000000000017,14.649999999999965,11.699999999999974,0.2,29.94999999999994,0.2,24.250000000000075,5.4999999999999964,0.0,29.95000000000007,39072399999.99995,50553699999.99989
86,046,BERINGIN - BTS. KAB. OKU,37.75,7.441059602649008,86.15761589403972,7.070728458631908,4.799999999999999,18.399999999999988,13.399999999999967,1.15,37.749999999999964,3.200000000000001,17.44999999999998,16.99999999999997,0.1,37.749999999999964,0.0,21.30000000000004,16.449999999999967,0.0,37.75,65982399999.99988,71528499999.99988
87,047,BTS. KAB. OKU - BATURAJA,32.49999999999999,10.203076923076924,90.56307692307695,7.070153821798472,1.0,12.199999999999974,11.999999999999973,7.29999999999999,32.499999999999936,4.200000000000001,10.39999999999998,16.699999999999967,1.2,32.49999999999995,0.0,15.499999999999964,16.99999999999997,0.0,32.49999999999993,112883999999.99985,79501199999.99986
